Reference Matrix,Compared Matrix,RMSD
/data/leuven/358/vsc35887/master_thesis/PCA_af3/3_VIC_PCA/7_rotated_coordinates/b_victoria_304_2006.npy,b_victoria_304_2006.npy,0.0
/data/leuven/358/vsc35887/master_thesis/PCA_af3/3_VIC_PCA/7_rotated_coordinates/b_victoria_304_2006.npy,b_roma_2_2003.npy,17.622747747571026
/data/leuven/358/vsc35887/master_thesis/PCA_af3/3_VIC_PCA/7_rotated_coordinates/b_victoria_304_2006.npy,b_ohio_10_88.npy,22.150633338803445
/data/leuven/358/vsc35887/master_thesis/PCA_af3/3_VIC_PCA/7_rotated_coordinates/b_victoria_304_2006.npy,b_hong_kong_1129_2011.npy,25.354629683744722
/data/leuven/358/vsc35887/master_thesis/PCA_af3/3_VIC_PCA/7_rotated_coordinates/b_victoria_304_2006.npy,b_norway_2368_2011.npy,27.860420640215352
/data/leuven/358/vsc35887/master_thesis/PCA_af3/3_VIC_PCA/7_rotated_coordinates/b_victoria_304_2006.npy,b_dakar_31_2002.npy,28.85072718312529
/data/leuven/358/vsc35887/master_thesis/PCA_af3/3_VIC_PCA/7_rotated_coordinates/b_victoria_304_2006.npy,b_geneva_5079_2003.npy,29.452174884849434
/data/leuven/358/vsc35887/master_thesis/PCA_af3/3_VIC_PCA/7_rotated_coordinates/b_victoria_304_2006.npy,b_hubeijiangan_1146_2008.npy,30.494624477220565
/data/leuven/358/vsc35887/master_thesis/PCA_af3/3_VIC_PCA/7_rotated_coordinates/b_victoria_304_2006.npy,b_yamaguchi_01_2010.npy,30.72099819787708
/data/leuven/358/vsc35887/master_thesis/PCA_af3/3_VIC_PCA/7_rotated_coordinates/b_victoria_304_2006.npy,b_philippines_5072_2001.npy,31.02464207814256
/data/leuven/358/vsc35887/master_thesis/PCA_af3/3_VIC_PCA/7_rotated_coordinates/b_victoria_304_2006.npy,b_aichi_15_97.npy,31.230281792663437
/data/leuven/358/vsc35887/master_thesis/PCA_af3/3_VIC_PCA/7_rotated_coordinates/b_victoria_304_2006.npy,b_hong_kong_235_2009.npy,31.630044140678258
/data/leuven/358/vsc35887/master_thesis/PCA_af3/3_VIC_PCA/7_rotated_coordinates/b_victoria_304_2006.npy,b_perth_1_2006.npy,31.93028738445508
/data/leuven/358/vsc35887/master_thesis/PCA_af3/3_VIC_PCA/7_rotated_coordinates/b_victoria_304_2006.npy,b_parma_1_03.npy,33.17546916091966
/data/leuven/358/vsc35887/master_thesis/PCA_af3/3_VIC_PCA/7_rotated_coordinates/b_victoria_304_2006.npy,b_florida_16_2008.npy,33.28011404841785
/data/leuven/358/vsc35887/master_thesis/PCA_af3/3_VIC_PCA/7_rotated_coordinates/b_victoria_304_2006.npy,b_hong_kong_998_2008.npy,34.240583289013635
/data/leuven/358/vsc35887/master_thesis/PCA_af3/3_VIC_PCA/7_rotated_coordinates/b_victoria_304_2006.npy,b_stockholm_8_2009.npy,34.75844186593666
/data/leuven/358/vsc35887/master_thesis/PCA_af3/3_VIC_PCA/7_rotated_coordinates/b_victoria_304_2006.npy,b_odessa_394_2007.npy,35.58679965484922
/data/leuven/358/vsc35887/master_thesis/PCA_af3/3_VIC_PCA/7_rotated_coordinates/b_victoria_304_2006.npy,b_romania_700_2005.npy,36.64973113653677
/data/leuven/358/vsc35887/master_thesis/PCA_af3/3_VIC_PCA/7_rotated_coordinates/b_victoria_304_2006.npy,b_hubei_xiling_37_2009.npy,36.95563736383862
/data/leuven/358/vsc35887/master_thesis/PCA_af3/3_VIC_PCA/7_rotated_coordinates/b_victoria_304_2006.npy,b_taiwan_61_2004.npy,37.12703369100006
/data/leuven/358/vsc35887/master_thesis/PCA_af3/3_VIC_PCA/7_rotated_coordinates/b_victoria_304_2006.npy,b_shanghai_jingan_1392_2011.npy,38.228078192628395
/data/leuven/358/vsc35887/master_thesis/PCA_af3/3_VIC_PCA/7_rotated_coordinates/b_victoria_304_2006.npy,b_madagascar_4254_2009.npy,39.50777562727376
/data/leuven/358/vsc35887/master_thesis/PCA_af3/3_VIC_PCA/7_rotated_coordinates/b_victoria_304_2006.npy,b_tehran_5277_2010.npy,39.69702838049025
/data/leuven/358/vsc35887/master_thesis/PCA_af3/3_VIC_PCA/7_rotated_coordinates/b_victoria_304_2006.npy,b_johannesburg_508_2006.npy,39.94980966636337
/data/leuven/358/vsc35887/master_thesis/PCA_af3/3_VIC_PCA/7_rotated_coordinates/b_victoria_304_2006.npy,b_missouri_01_2009.npy,40.93625931971418
/data/leuven/358/vsc35887/master_thesis/PCA_af3/3_VIC_PCA/7_rotated_coordinates/b_victoria_304_2006.npy,b_chengdu_54_88.npy,40.97466679982476
/data/leuven/358/vsc35887/master_thesis/PCA_af3/3_VIC_PCA/7_rotated_coordinates/b_victoria_304_2006.npy,b_sydney_88_2006.npy,41.6177503519633
/data/leuven/358/vsc35887/master_thesis/PCA_af3/3_VIC_PCA/7_rotated_coordinates/b_victoria_304_2006.npy,b_texas_37_1988.npy,42.425999282103135
/data/leuven/358/vsc35887/master_thesis/PCA_af3/3_VIC_PCA/7_rotated_coordinates/b_victoria_304_2006.npy,b_brazil_2937_2008.npy,43.02603325402331
/data/leuven/358/vsc35887/master_thesis/PCA_af3/3_VIC_PCA/7_rotated_coordinates/b_victoria_304_2006.npy,b_voronezh_20_2011.npy,43.08867363689599
/data/leuven/358/vsc35887/master_thesis/PCA_af3/3_VIC_PCA/7_rotated_coordinates/b_victoria_304_2006.npy,b_nagasaki_1_87.npy,43.80157551048623
/data/leuven/358/vsc35887/master_thesis/PCA_af3/3_VIC_PCA/7_rotated_coordinates/b_victoria_304_2006.npy,b_mauritius_219_2002.npy,43.97552336982762
/data/leuven/358/vsc35887/master_thesis/PCA_af3/3_VIC_PCA/7_rotated_coordinates/b_victoria_304_2006.npy,b_hong_kong_335_2001.npy,44.26184035784353
/data/leuven/358/vsc35887/master_thesis/PCA_af3/3_VIC_PCA/7_rotated_coordinates/b_victoria_304_2006.npy,b_denmark_24_2011.npy,44.827231810626955
/data/leuven/358/vsc35887/master_thesis/PCA_af3/3_VIC_PCA/7_rotated_coordinates/b_victoria_304_2006.npy,b_nepal_1131_2005.npy,44.94604583817592
/data/leuven/358/vsc35887/master_thesis/PCA_af3/3_VIC_PCA/7_rotated_coordinates/b_victoria_304_2006.npy,b_stockholm_10_2010.npy,45.197400493071335
/data/leuven/358/vsc35887/master_thesis/PCA_af3/3_VIC_PCA/7_rotated_coordinates/b_victoria_304_2006.npy,b_philippines_1506_2006.npy,45.24718221109745
/data/leuven/358/vsc35887/master_thesis/PCA_af3/3_VIC_PCA/7_rotated_coordinates/b_victoria_304_2006.npy,b_johannesburg_18_2007.npy,45.382417287171265
/data/leuven/358/vsc35887/master_thesis/PCA_af3/3_VIC_PCA/7_rotated_coordinates/b_victoria_304_2006.npy,b_dominican_republic_5486_2011.npy,45.62193332444548
/data/leuven/358/vsc35887/master_thesis/PCA_af3/3_VIC_PCA/7_rotated_coordinates/b_victoria_304_2006.npy,b_texas_34_2008.npy,46.126166862759035
/data/leuven/358/vsc35887/master_thesis/PCA_af3/3_VIC_PCA/7_rotated_coordinates/b_victoria_304_2006.npy,b_illinois_13_2005.npy,46.86681058369756
/data/leuven/358/vsc35887/master_thesis/PCA_af3/3_VIC_PCA/7_rotated_coordinates/b_victoria_304_2006.npy,b_wellington_1_2006.npy,47.141935840500715
/data/leuven/358/vsc35887/master_thesis/PCA_af3/3_VIC_PCA/7_rotated_coordinates/b_victoria_304_2006.npy,b_malaysia_83077_2001.npy,47.44419577400836
/data/leuven/358/vsc35887/master_thesis/PCA_af3/3_VIC_PCA/7_rotated_coordinates/b_victoria_304_2006.npy,b_nepal_1122_2005.npy,48.41616759395961
/data/leuven/358/vsc35887/master_thesis/PCA_af3/3_VIC_PCA/7_rotated_coordinates/b_victoria_304_2006.npy,b_trieste_01_2003.npy,48.53134504728409
/data/leuven/358/vsc35887/master_thesis/PCA_af3/3_VIC_PCA/7_rotated_coordinates/b_victoria_304_2006.npy,b_beijing_243_97.npy,48.5915474995939
/data/leuven/358/vsc35887/master_thesis/PCA_af3/3_VIC_PCA/7_rotated_coordinates/b_victoria_304_2006.npy,b_tehran_80_02.npy,48.91884397660193
/data/leuven/358/vsc35887/master_thesis/PCA_af3/3_VIC_PCA/7_rotated_coordinates/b_victoria_304_2006.npy,b_bangladesh_5278_2006.npy,49.46164434321913
/data/leuven/358/vsc35887/master_thesis/PCA_af3/3_VIC_PCA/7_rotated_coordinates/b_victoria_304_2006.npy,b_victoria_505_2005.npy,49.56186944114605
/data/leuven/358/vsc35887/master_thesis/PCA_af3/3_VIC_PCA/7_rotated_coordinates/b_victoria_304_2006.npy,b_parma_3_04.npy,49.79908734055348
/data/leuven/358/vsc35887/master_thesis/PCA_af3/3_VIC_PCA/7_rotated_coordinates/b_victoria_304_2006.npy,b_denmark_22_2011.npy,49.90803598853167
/data/leuven/358/vsc35887/master_thesis/PCA_af3/3_VIC_PCA/7_rotated_coordinates/b_victoria_304_2006.npy,b_johannesburg_403_2005.npy,50.301721045835286
/data/leuven/358/vsc35887/master_thesis/PCA_af3/3_VIC_PCA/7_rotated_coordinates/b_victoria_304_2006.npy,b_texas_39_2006.npy,50.54514245229647
/data/leuven/358/vsc35887/master_thesis/PCA_af3/3_VIC_PCA/7_rotated_coordinates/b_victoria_304_2006.npy,b_norway_1474_2009.npy,50.72148951683945
/data/leuven/358/vsc35887/master_thesis/PCA_af3/3_VIC_PCA/7_rotated_coordinates/b_victoria_304_2006.npy,b_egypt_80_2007.npy,50.86631922932796
/data/leuven/358/vsc35887/master_thesis/PCA_af3/3_VIC_PCA/7_rotated_coordinates/b_victoria_304_2006.npy,b_johannesburg_449_2006.npy,51.05516013418773
/data/leuven/358/vsc35887/master_thesis/PCA_af3/3_VIC_PCA/7_rotated_coordinates/b_victoria_304_2006.npy,b_madagascar_6945_2009.npy,51.29198696187449
/data/leuven/358/vsc35887/master_thesis/PCA_af3/3_VIC_PCA/7_rotated_coordinates/b_victoria_304_2006.npy,b_parma_28_02.npy,51.56769678796942
/data/leuven/358/vsc35887/master_thesis/PCA_af3/3_VIC_PCA/7_rotated_coordinates/b_victoria_304_2006.npy,b_nepal_1120_2005.npy,52.8556027347305
/data/leuven/358/vsc35887/master_thesis/PCA_af3/3_VIC_PCA/7_rotated_coordinates/b_victoria_304_2006.npy,b_lisboa_32_2005.npy,52.90759170219173
/data/leuven/358/vsc35887/master_thesis/PCA_af3/3_VIC_PCA/7_rotated_coordinates/b_victoria_304_2006.npy,b_newcaledonia_5_2006.npy,53.06320959497394
/data/leuven/358/vsc35887/master_thesis/PCA_af3/3_VIC_PCA/7_rotated_coordinates/b_victoria_304_2006.npy,b_turkey_389_2005.npy,53.42614689669739
/data/leuven/358/vsc35887/master_thesis/PCA_af3/3_VIC_PCA/7_rotated_coordinates/b_victoria_304_2006.npy,b_milano_36_2010.npy,53.42790663094151
/data/leuven/358/vsc35887/master_thesis/PCA_af3/3_VIC_PCA/7_rotated_coordinates/b_victoria_304_2006.npy,b_cheju_303_2003.npy,53.65710532362654
/data/leuven/358/vsc35887/master_thesis/PCA_af3/3_VIC_PCA/7_rotated_coordinates/b_victoria_304_2006.npy,b_paris_1762_2009.npy,53.72202681434721
/data/leuven/358/vsc35887/master_thesis/PCA_af3/3_VIC_PCA/7_rotated_coordinates/b_victoria_304_2006.npy,b_okinawa_10_2009.npy,54.04581645533248
/data/leuven/358/vsc35887/master_thesis/PCA_af3/3_VIC_PCA/7_rotated_coordinates/b_victoria_304_2006.npy,b_brisbane_60_2008.npy,54.196482744826085
/data/leuven/358/vsc35887/master_thesis/PCA_af3/3_VIC_PCA/7_rotated_coordinates/b_victoria_304_2006.npy,b_trieste_28_02.npy,54.8116338567294
/data/leuven/358/vsc35887/master_thesis/PCA_af3/3_VIC_PCA/7_rotated_coordinates/b_victoria_304_2006.npy,b_phitsanulok_2053_2004.npy,55.09145870579404
/data/leuven/358/vsc35887/master_thesis/PCA_af3/3_VIC_PCA/7_rotated_coordinates/b_victoria_304_2006.npy,b_perth_14_2006.npy,55.34968299563146
/data/leuven/358/vsc35887/master_thesis/PCA_af3/3_VIC_PCA/7_rotated_coordinates/b_victoria_304_2006.npy,b_pennsylvania_05_2007.npy,55.415774714761625
/data/leuven/358/vsc35887/master_thesis/PCA_af3/3_VIC_PCA/7_rotated_coordinates/b_victoria_304_2006.npy,b_khabarovsk_14_2005.npy,55.905080047190566
/data/leuven/358/vsc35887/master_thesis/PCA_af3/3_VIC_PCA/7_rotated_coordinates/b_victoria_304_2006.npy,b_johannesburg_27_2005.npy,56.871606261280874
/data/leuven/358/vsc35887/master_thesis/PCA_af3/3_VIC_PCA/7_rotated_coordinates/b_victoria_304_2006.npy,b_aichi_3_98.npy,56.92965568231276
/data/leuven/358/vsc35887/master_thesis/PCA_af3/3_VIC_PCA/7_rotated_coordinates/b_victoria_304_2006.npy,b_hong_kong_514_2009.npy,57.15306910586101
/data/leuven/358/vsc35887/master_thesis/PCA_af3/3_VIC_PCA/7_rotated_coordinates/b_victoria_304_2006.npy,b_lipetsk_17_2003.npy,57.48970126458692
/data/leuven/358/vsc35887/master_thesis/PCA_af3/3_VIC_PCA/7_rotated_coordinates/b_victoria_304_2006.npy,b_madagascar_2866_2006.npy,57.920195034517704
/data/leuven/358/vsc35887/master_thesis/PCA_af3/3_VIC_PCA/7_rotated_coordinates/b_victoria_304_2006.npy,b_nepal_1118_2005.npy,58.29224999024618
/data/leuven/358/vsc35887/master_thesis/PCA_af3/3_VIC_PCA/7_rotated_coordinates/b_victoria_304_2006.npy,b_newyork_1_2002.npy,58.83108198792519
/data/leuven/358/vsc35887/master_thesis/PCA_af3/3_VIC_PCA/7_rotated_coordinates/b_victoria_304_2006.npy,b_osaka_c19_93.npy,60.11800100303411
/data/leuven/358/vsc35887/master_thesis/PCA_af3/3_VIC_PCA/7_rotated_coordinates/b_victoria_304_2006.npy,b_taiwan_14_2004.npy,60.18262614988594
/data/leuven/358/vsc35887/master_thesis/PCA_af3/3_VIC_PCA/7_rotated_coordinates/b_victoria_304_2006.npy,b_oman_16296_2001.npy,60.27629040315809
/data/leuven/358/vsc35887/master_thesis/PCA_af3/3_VIC_PCA/7_rotated_coordinates/b_victoria_304_2006.npy,b_madagascar_7002_2009.npy,60.886855148214224
/data/leuven/358/vsc35887/master_thesis/PCA_af3/3_VIC_PCA/7_rotated_coordinates/b_victoria_304_2006.npy,b_khabarovsk_26_2007.npy,62.171273313933696
/data/leuven/358/vsc35887/master_thesis/PCA_af3/3_VIC_PCA/7_rotated_coordinates/b_victoria_304_2006.npy,b_sabac_1232_2009.npy,62.39903752170076
/data/leuven/358/vsc35887/master_thesis/PCA_af3/3_VIC_PCA/7_rotated_coordinates/b_victoria_304_2006.npy,b_hong_kong_45_2005.npy,62.45076726872806
/data/leuven/358/vsc35887/master_thesis/PCA_af3/3_VIC_PCA/7_rotated_coordinates/b_victoria_304_2006.npy,b_nepal_1090_2005.npy,62.73800992103109
/data/leuven/358/vsc35887/master_thesis/PCA_af3/3_VIC_PCA/7_rotated_coordinates/b_victoria_304_2006.npy,b_barcelona_215_03.npy,62.87875105279115
/data/leuven/358/vsc35887/master_thesis/PCA_af3/3_VIC_PCA/7_rotated_coordinates/b_victoria_304_2006.npy,b_taiwan_75_2004.npy,62.89639763266668
/data/leuven/358/vsc35887/master_thesis/PCA_af3/3_VIC_PCA/7_rotated_coordinates/b_victoria_304_2006.npy,b_stockholm_1_2010.npy,63.17400103248028
/data/leuven/358/vsc35887/master_thesis/PCA_af3/3_VIC_PCA/7_rotated_coordinates/b_victoria_304_2006.npy,b_santiago_6025_2011.npy,63.935101742128666
/data/leuven/358/vsc35887/master_thesis/PCA_af3/3_VIC_PCA/7_rotated_coordinates/b_victoria_304_2006.npy,b_iwate_17_2009.npy,65.04586965566426
/data/leuven/358/vsc35887/master_thesis/PCA_af3/3_VIC_PCA/7_rotated_coordinates/b_victoria_304_2006.npy,b_sydney_12_2006.npy,65.05828033817414
/data/leuven/358/vsc35887/master_thesis/PCA_af3/3_VIC_PCA/7_rotated_coordinates/b_victoria_304_2006.npy,b_hong_kong_121_2007.npy,65.28936152000979
/data/leuven/358/vsc35887/master_thesis/PCA_af3/3_VIC_PCA/7_rotated_coordinates/b_victoria_304_2006.npy,b_parma_2_04.npy,66.0957493276339
/data/leuven/358/vsc35887/master_thesis/PCA_af3/3_VIC_PCA/7_rotated_coordinates/b_victoria_304_2006.npy,b_nepal_1139_2005.npy,66.4036517814796
/data/leuven/358/vsc35887/master_thesis/PCA_af3/3_VIC_PCA/7_rotated_coordinates/b_victoria_304_2006.npy,b_nepal_1092_2005.npy,66.92689930622035
/data/leuven/358/vsc35887/master_thesis/PCA_af3/3_VIC_PCA/7_rotated_coordinates/b_victoria_304_2006.npy,b_england_393_2008.npy,66.9945573574382
/data/leuven/358/vsc35887/master_thesis/PCA_af3/3_VIC_PCA/7_rotated_coordinates/b_victoria_304_2006.npy,b_moscow_1_2010.npy,67.32607872501184
/data/leuven/358/vsc35887/master_thesis/PCA_af3/3_VIC_PCA/7_rotated_coordinates/b_victoria_304_2006.npy,b_ohio_01_2005.npy,67.64639241021808
/data/leuven/358/vsc35887/master_thesis/PCA_af3/3_VIC_PCA/7_rotated_coordinates/b_victoria_304_2006.npy,b_norway_459_2010.npy,68.04171100520448
/data/leuven/358/vsc35887/master_thesis/PCA_af3/3_VIC_PCA/7_rotated_coordinates/b_victoria_304_2006.npy,b_stpetersburg_17_2006.npy,68.34791434035975
/data/leuven/358/vsc35887/master_thesis/PCA_af3/3_VIC_PCA/7_rotated_coordinates/b_victoria_304_2006.npy,b_stockholm_7_2010.npy,68.37243282229403
/data/leuven/358/vsc35887/master_thesis/PCA_af3/3_VIC_PCA/7_rotated_coordinates/b_victoria_304_2006.npy,b_milano_34_2010.npy,68.85768385929728
/data/leuven/358/vsc35887/master_thesis/PCA_af3/3_VIC_PCA/7_rotated_coordinates/b_victoria_304_2006.npy,b_hubei_songzi_51_2008.npy,68.95044319900148
/data/leuven/358/vsc35887/master_thesis/PCA_af3/3_VIC_PCA/7_rotated_coordinates/b_victoria_304_2006.npy,b_belgrade_1094_2009.npy,69.35214491496565
/data/leuven/358/vsc35887/master_thesis/PCA_af3/3_VIC_PCA/7_rotated_coordinates/b_victoria_304_2006.npy,b_roma_1_2003.npy,69.87287086695096
/data/leuven/358/vsc35887/master_thesis/PCA_af3/3_VIC_PCA/7_rotated_coordinates/b_victoria_304_2006.npy,b_taiwan_74_2004.npy,69.94437941050973
/data/leuven/358/vsc35887/master_thesis/PCA_af3/3_VIC_PCA/7_rotated_coordinates/b_victoria_304_2006.npy,b_india_7600_2001.npy,70.03797174569104
/data/leuven/358/vsc35887/master_thesis/PCA_af3/3_VIC_PCA/7_rotated_coordinates/b_victoria_304_2006.npy,b_bayern_36_2008.npy,70.53967789273369
/data/leuven/358/vsc35887/master_thesis/PCA_af3/3_VIC_PCA/7_rotated_coordinates/b_victoria_304_2006.npy,b_stockholm_2_2010.npy,70.5863283758659
/data/leuven/358/vsc35887/master_thesis/PCA_af3/3_VIC_PCA/7_rotated_coordinates/b_victoria_304_2006.npy,b_victoria_500_2007.npy,70.66666984731923
/data/leuven/358/vsc35887/master_thesis/PCA_af3/3_VIC_PCA/7_rotated_coordinates/b_victoria_304_2006.npy,aligned_b_aix_en_provence_1795_11.npy,70.84577459321254
/data/leuven/358/vsc35887/master_thesis/PCA_af3/3_VIC_PCA/7_rotated_coordinates/b_victoria_304_2006.npy,b_osaka_16_2007.npy,70.97830523145646
/data/leuven/358/vsc35887/master_thesis/PCA_af3/3_VIC_PCA/7_rotated_coordinates/b_victoria_304_2006.npy,b_fujian.npy,71.06958846512487
/data/leuven/358/vsc35887/master_thesis/PCA_af3/3_VIC_PCA/7_rotated_coordinates/b_victoria_304_2006.npy,b_osaka_491_97.npy,71.18809770188014
/data/leuven/358/vsc35887/master_thesis/PCA_af3/3_VIC_PCA/7_rotated_coordinates/b_victoria_304_2006.npy,b_norway_2429_2011.npy,71.91353464682747
/data/leuven/358/vsc35887/master_thesis/PCA_af3/3_VIC_PCA/7_rotated_coordinates/b_victoria_304_2006.npy,b_taiwan_39_2004.npy,71.91836906370594
/data/leuven/358/vsc35887/master_thesis/PCA_af3/3_VIC_PCA/7_rotated_coordinates/b_victoria_304_2006.npy,b_mauritius_515_2009.npy,71.99117626589619
/data/leuven/358/vsc35887/master_thesis/PCA_af3/3_VIC_PCA/7_rotated_coordinates/b_victoria_304_2006.npy,b_hong_kong_1351_02.npy,72.01577365099806
/data/leuven/358/vsc35887/master_thesis/PCA_af3/3_VIC_PCA/7_rotated_coordinates/b_victoria_304_2006.npy,b_aichi_5_88.npy,72.20423605000653
/data/leuven/358/vsc35887/master_thesis/PCA_af3/3_VIC_PCA/7_rotated_coordinates/b_victoria_304_2006.npy,b_hiroshima_320_2007.npy,72.39070227726877
/data/leuven/358/vsc35887/master_thesis/PCA_af3/3_VIC_PCA/7_rotated_coordinates/b_victoria_304_2006.npy,b_nepal_1087_2005.npy,73.05502045789945
/data/leuven/358/vsc35887/master_thesis/PCA_af3/3_VIC_PCA/7_rotated_coordinates/b_victoria_304_2006.npy,b_nevada_03_2011.npy,73.27285523891071
/data/leuven/358/vsc35887/master_thesis/PCA_af3/3_VIC_PCA/7_rotated_coordinates/b_victoria_304_2006.npy,b_switzerland_5632623_2011.npy,73.37668819476627
/data/leuven/358/vsc35887/master_thesis/PCA_af3/3_VIC_PCA/7_rotated_coordinates/b_victoria_304_2006.npy,b_hong_kong_1153_2011.npy,73.39726324681023
/data/leuven/358/vsc35887/master_thesis/PCA_af3/3_VIC_PCA/7_rotated_coordinates/b_victoria_304_2006.npy,b_hong_kong_809_2006.npy,73.88861215509269
/data/leuven/358/vsc35887/master_thesis/PCA_af3/3_VIC_PCA/7_rotated_coordinates/b_victoria_304_2006.npy,b_nepal_1101_2005.npy,74.10395037566948
/data/leuven/358/vsc35887/master_thesis/PCA_af3/3_VIC_PCA/7_rotated_coordinates/b_victoria_304_2006.npy,b_agadir_156_2011.npy,74.48326574195175
/data/leuven/358/vsc35887/master_thesis/PCA_af3/3_VIC_PCA/7_rotated_coordinates/b_victoria_304_2006.npy,b_kagoshima_15_94.npy,74.90946420581454
/data/leuven/358/vsc35887/master_thesis/PCA_af3/3_VIC_PCA/7_rotated_coordinates/b_victoria_304_2006.npy,b_beijing_1_87.npy,78.1084431870602
/data/leuven/358/vsc35887/master_thesis/PCA_af3/3_VIC_PCA/7_rotated_coordinates/b_victoria_304_2006.npy,b_odessa_3886_2010.npy,78.24432329998227
/data/leuven/358/vsc35887/master_thesis/PCA_af3/3_VIC_PCA/7_rotated_coordinates/b_victoria_304_2006.npy,b_hong_kong_22_2001.npy,78.34859320756436
/data/leuven/358/vsc35887/master_thesis/PCA_af3/3_VIC_PCA/7_rotated_coordinates/b_victoria_304_2006.npy,b_hong_kong_1434_2002.npy,78.85381443738567
/data/leuven/358/vsc35887/master_thesis/PCA_af3/3_VIC_PCA/7_rotated_coordinates/b_victoria_304_2006.npy,b_yunnan_mengzi_1491_2008.npy,80.38257903966324
/data/leuven/358/vsc35887/master_thesis/PCA_af3/3_VIC_PCA/7_rotated_coordinates/b_victoria_304_2006.npy,b_slovakia_1731_2010.npy,81.7466485932391
/data/leuven/358/vsc35887/master_thesis/PCA_af3/3_VIC_PCA/7_rotated_coordinates/b_victoria_304_2006.npy,b_cambodia_30_2011.npy,83.03285343559648
/data/leuven/358/vsc35887/master_thesis/PCA_af3/3_VIC_PCA/7_rotated_coordinates/b_victoria_304_2006.npy,b_victoria_02_1987.npy,83.27089380743385
/data/leuven/358/vsc35887/master_thesis/PCA_af3/3_VIC_PCA/7_rotated_coordinates/b_victoria_304_2006.npy,b_hong_kong_90_2008.npy,83.64325200075407
/data/leuven/358/vsc35887/master_thesis/PCA_af3/3_VIC_PCA/7_rotated_coordinates/b_victoria_304_2006.npy,b_hawaii_13_2004.npy,85.77093878906526
/data/leuven/358/vsc35887/master_thesis/PCA_af3/3_VIC_PCA/7_rotated_coordinates/b_victoria_304_2006.npy,b_singapore_21_2009.npy,86.5296076514969
/data/leuven/358/vsc35887/master_thesis/PCA_af3/3_VIC_PCA/7_rotated_coordinates/b_victoria_304_2006.npy,b_stockholm_3_2010.npy,87.29270352568528
/data/leuven/358/vsc35887/master_thesis/PCA_af3/3_VIC_PCA/7_rotated_coordinates/b_victoria_304_2006.npy,b_hong_kong_330_2001.npy,88.24905753830095
/data/leuven/358/vsc35887/master_thesis/PCA_af3/3_VIC_PCA/7_rotated_coordinates/b_victoria_304_2006.npy,b_malta_636714_2011.npy,88.4801910011188
/data/leuven/358/vsc35887/master_thesis/PCA_af3/3_VIC_PCA/7_rotated_coordinates/b_victoria_304_2006.npy,b_ann_arbor_1_1986.npy,89.38128610597174
/data/leuven/358/vsc35887/master_thesis/PCA_af3/3_VIC_PCA/7_rotated_coordinates/b_victoria_304_2006.npy,b_stockholm_5_2010.npy,90.34756057056028
/data/leuven/358/vsc35887/master_thesis/PCA_af3/3_VIC_PCA/7_rotated_coordinates/b_victoria_304_2006.npy,b_astrakhan_88_2007.npy,90.9195054749966
/data/leuven/358/vsc35887/master_thesis/PCA_af3/3_VIC_PCA/7_rotated_coordinates/b_victoria_304_2006.npy,b_denmark_23_2011.npy,91.15709327942652
/data/leuven/358/vsc35887/master_thesis/PCA_af3/3_VIC_PCA/7_rotated_coordinates/b_victoria_304_2006.npy,b_taiwan_11_2010.npy,91.98909598827625
/data/leuven/358/vsc35887/master_thesis/PCA_af3/3_VIC_PCA/7_rotated_coordinates/b_victoria_304_2006.npy,b_uruguay_12_2008.npy,92.07514797964616
/data/leuven/358/vsc35887/master_thesis/PCA_af3/3_VIC_PCA/7_rotated_coordinates/b_victoria_304_2006.npy,b_hawaii_33_2004.npy,92.886805736707
/data/leuven/358/vsc35887/master_thesis/PCA_af3/3_VIC_PCA/7_rotated_coordinates/b_victoria_304_2006.npy,b_denmark_16_2011.npy,92.9893160296156
/data/leuven/358/vsc35887/master_thesis/PCA_af3/3_VIC_PCA/7_rotated_coordinates/b_victoria_304_2006.npy,b_brisbane_33_2008.npy,93.11490562456964
/data/leuven/358/vsc35887/master_thesis/PCA_af3/3_VIC_PCA/7_rotated_coordinates/b_victoria_304_2006.npy,b_malaysia_2506_2004.npy,94.43152776357726
